algo,k,frac,m,seed,r1,r2,r3
egq,3,0.01,10000,0,1.000510463188899,1.0005221320379267,0.9999948626579525
